;review;rating;step1;review_perbaikan;review_processing
0;Paketnya sudah di terima dalam kondisi baik, kemasannya rapi dan pengiriman juga cepat. Baju kaosnya bagus bahan lembut, sesuai deskripsi. Terima kasih lazada, seller dan pak kurir...;5.0;['Paketnya', 'sudah', 'di', 'terima', 'dalam', 'kondisi', 'baik', ',', 'kemasannya', 'rapi', 'dan', 'pengiriman', 'juga', 'cepat', '.', 'Baju', 'kaosnya', 'bagus', 'bahan', 'lembut', ',', 'sesuai', 'deskripsi', '.', 'Terima', 'kasih', 'lazada', ',', 'seller', 'dan', 'pak', 'kurir', '...'];Paketnya sudah di terima dalam kondisi baik , kemasannya rapi dan pengiriman juga cepat . Baju kaosnya bagus bahan lembut , sesuai deskripsi . Terima kasih lazada , seller dan pak kurir ...;['paket', 'terima', 'kondisi', 'kemas', 'rapi', 'kirim', 'cepat', 'baju', 'kaos', 'bagus', 'bahan', 'lembut', 'sesuai', 'deskripsi', 'kasih', 'lazada', 'seller', 'kurir']
1;Alhamdulillah makasih bos q udh yg k 2 barang nya ak terima g pernah kecewa ,,,lanjutkan amanah baik mu.nex ak bakal langganan d toko mu..kurir yg baik hati thanks ;5.0;['Alhamdulillah', 'makasih', 'bos', 'q', 'udh', 'yg', 'k', '2', 'barang', 'nya', 'ak', 'terima', 'g', 'pernah', 'kecewa', ',', ',', ',', 'lanjutkan', 'amanah', 'baik', 'mu.nex', 'ak', 'bakal', 'langganan', 'd', 'toko', 'mu', '..', 'kurir', 'yg', 'baik', 'hati', 'thanks'];Alhamdulillah makasih bos q sudah yang k 2 barang nya aku terima g pernah kecewa , , , lanjutkan amanah baik mu.nex aku bakal langganan d toko mu .. kurir yang baik hati thanks;['alhamdulillah', 'makasih', 'bos', 'q', 'k', 'barang', 'nya', 'terima', 'g', 'kecewa', 'lanjut', 'amanah', 'munex', 'langgan', 'd', 'toko', 'mu', 'kurir', 'hati', 'thanks']
2;alhamdulillah realpict terus sih kalau disini costumer aku pun sukaðð¤ð¤;5.0;['alhamdulillah', 'realpict', 'terus', 'sih', 'kalau', 'disini', 'costumer', 'aku', 'pun', 'sukað\x9f\x98\x8dð\x9f¤\x97ð\x9f¤\x97'];syukur realpict terus sih kalau disini costumer aku pun sukaðð¤ð¤;['syukur', 'realpict', 'sih', 'costumer', 'suka']
3;real bgt ga prnh kecewa bli di toko nie;5.0;['real', 'bgt', 'ga', 'prnh', 'kecewa', 'bli', 'di', 'toko', 'nie'];real banget tidak prnh kecewa bli di toko nie;['real', 'banget', 'prnh', 'kecewa', 'bli', 'toko', 'nie']
4;"BAHANYAAA BAGUSSS BANGETTTTTTT,
PAKETNYA DATENG LANGSUNG AKU BUAT TIEDYE WKWK";4.877300613496932;['BAHANYAAA', 'BAGUSSS', 'BANGETTTTTTT', ',', 'PAKETNYA', 'DATENG', 'LANGSUNG', 'AKU', 'BUAT', 'TIEDYE', 'WKWK'];BAHANYAAA BAGUSSS BANGETTTTTTT , PAKETNYA DATENG LANGSUNG AKU BUAT TIEDYE WKWK;['bahanyaaa', 'bagusss', 'bangettttttt', 'paket', 'dateng', 'langsung', 'tiedye', 'wkwk']
5;selalu puas beli baju disini, bahan bagus dan semua sesuai pesanan, terimakasih lazada dan seller;5.0;['selalu', 'puas', 'beli', 'baju', 'disini', ',', 'bahan', 'bagus', 'dan', 'semua', 'sesuai', 'pesanan', ',', 'terimakasih', 'lazada', 'dan', 'seller'];selalu puas beli baju disini , bahan bagus dan semua sesuai pesanan , terimakasih lazada dan seller;['puas', 'beli', 'baju', 'bahan', 'bagus', 'sesuai', 'pesan', 'terimakasih', 'lazada', 'seller']
6;real pict, bahannya bagus banget. kurirnya juga ramah, cepet pengirimannya. amanah banget toko iniâ¤;5.0;['real', 'pict', ',', 'bahannya', 'bagus', 'banget', '.', 'kurirnya', 'juga', 'ramah', ',', 'cepet', 'pengirimannya', '.', 'amanah', 'banget', 'toko', 'iniâ\x9d¤'];real pict , bahannya bagus banget . kurirnya juga ramah , cepat pengirimannya . amanah banget toko iniâ¤;['real', 'pict', 'bahan', 'bagus', 'banget', 'kurir', 'ramah', 'cepat', 'kirim', 'amanah', 'toko']
7;lumayan bagus..halus kainnya. mksh lazada. mksh kurir...;5.0;['lumayan', 'bagus', '..', 'halus', 'kainnya', '.', 'mksh', 'lazada', '.', 'mksh', 'kurir', '...'];lumayan bagus .. halus kainnya . mksh lazada . mksh kurir ...;['lumayan', 'bagus', 'halus', 'kain', 'mksh', 'lazada', 'kurir']
8;mantap deh ;5.0;['mantap', 'deh'];mantap deh;['mantap', 'deh']
9;tolong kalau jualan itu yg jujur, ini bukan bahan cotton combed 30s;1.0;['tolong', 'kalau', 'jualan', 'itu', 'yg', 'jujur', ',', 'ini', 'bukan', 'bahan', 'cotton', 'combed', '30s'];tolong kalau jualan itu yang jujur , ini bukan bahan cotton combed 30s;['tolong', 'jual', 'jujur', 'bahan', 'cotton', 'combed', 's']
10;bagus lembut bnget bahan nya;5.0;['bagus', 'lembut', 'bnget', 'bahan', 'nya'];bagus lembut bnget bahan nya;['bagus', 'lembut', 'bnget', 'bahan', 'nya']
11;top markotop...sudah jd langganan;5.0;['top', 'markotop', '...', 'sudah', 'jd', 'langganan'];top bagus ... sudah jadi  langganan;['top', 'bagus', 'langgan']
12;bahannya bagus bangett pas di akuu panjang juga love bangetâ¤ð;5.0;['bahannya', 'bagus', 'bangett', 'pas', 'di', 'akuu', 'panjang', 'juga', 'love', 'bangetâ\x9d¤ð\x9f\x98\x8d'];bahannya bagus bangett cocok di akuu panjang juga love bangetâ¤ð;['bahan', 'bagus', 'bangett', 'cocok', 'akuu', 'love', 'banget']
13;terimakasih barang sudah sampai, kain bajunya bagus nyaman di pakai;4.877300613496932;['terimakasih', 'barang', 'sudah', 'sampai', ',', 'kain', 'bajunya', 'bagus', 'nyaman', 'di', 'pakai'];terimakasih barang sudah sampai , kain bajunya bagus nyaman di pakai;['terimakasih', 'barang', 'kain', 'baju', 'bagus', 'nyaman', 'pakai']
14;Udah order yg ke 2x.. Sukaa sama kaosny.. bahan katunnya adem,,lembut,, jahitanny jg rapi.. harga murah tp kualitas bagus.. terimakasih seller,, lazada,, & abang kurir.. ;5.0;['Udah', 'order', 'yg', 'ke', '2x', '..', 'Sukaa', 'sama', 'kaosny', '..', 'bahan', 'katunnya', 'adem', ',', ',lembut', ',', ',', 'jahitanny', 'jg', 'rapi', '..', 'harga', 'murah', 'tp', 'kualitas', 'bagus', '..', 'terimakasih', 'seller', ',', ',', 'lazada', ',', ',', '&', 'abang', 'kurir', '..'];Udah order yang ke 2x .. Sukaa sama kaosny .. bahan katunnya adem , ,lembut , , jahitanny jg rapi .. harga murah tapi kualitas bagus .. terimakasih seller , , lazada , , & abang kurir ..;['udah', 'order', 'x', 'sukaa', 'kaosny', 'bahan', 'katun', 'adem', 'lembut', 'jahitanny', 'jg', 'rapi', 'harga', 'murah', 'kualitas', 'bagus', 'terimakasih', 'seller', 'lazada', 'abang', 'kurir']
15;mantul deh nih toko amanah..pembelian yang ke 2 gak pake salah pesanan..mudah2an seterusnya ketelitiannya terjaga..biar bintang 5 terus..kwalitas bahannya pun ok punya walaupun harga murah tapi gak murahan..trima kasih ya seller..nanti mau pesen warna lainnya;5.0;['mantul', 'deh', 'nih', 'toko', 'amanah', '..', 'pembelian', 'yang', 'ke', '2', 'gak', 'pake', 'salah', 'pesanan', '..', 'mudah2an', 'seterusnya', 'ketelitiannya', 'terjaga', '..', 'biar', 'bintang', '5', 'terus', '..', 'kwalitas', 'bahannya', 'pun', 'ok', 'punya', 'walaupun', 'harga', 'murah', 'tapi', 'gak', 'murahan', '..', 'trima', 'kasih', 'ya', 'seller', '..', 'nanti', 'mau', 'pesen', 'warna', 'lainnya'];bagus deh ini toko amanah .. pembelian yang ke 2 tidak pakai salah pesanan .. mudah2an seterusnya ketelitiannya terjaga .. biar bintang 5 terus .. kualitas bahannya pun ok punya walaupun harga murah tapi tidak murahan .. trima kasih iya seller .. nanti mau pesan warna lainnya;['bagus', 'deh', 'toko', 'amanah', 'beli', 'pakai', 'salah', 'pesan', 'mudah', 'teliti', 'jaga', 'biar', 'bintang', 'kualitas', 'bahan', 'ok', 'harga', 'murah', 'murah', 'trima', 'kasih', 'iya', 'seller', 'pesan', 'warna']
16;"akhirnya nemuin kaos yg pas cocok bahannya enak adem banget bahan ini yg sy cari 
cocok untuk busui bb 70kg 

next beli disini lagi ahhh mau koleksi warnanya";4.877300613496932;['akhirnya', 'nemuin', 'kaos', 'yg', 'pas', 'cocok', 'bahannya', 'enak', 'adem', 'banget', 'bahan', 'ini', 'yg', 'sy', 'cari', 'cocok', 'untuk', 'busui', 'bb', '70kg', 'next', 'beli', 'disini', 'lagi', 'ahhh', 'mau', 'koleksi', 'warnanya'];akhirnya nemuin kaos yang cocok cocok bahannya enak adem banget bahan ini yang saya cari cocok untuk busui bb 70kg next beli disini lagi ahhh mau koleksi warnanya;['nemuin', 'kaos', 'cocok', 'bahan', 'enak', 'adem', 'banget', 'bahan', 'cari', 'busui', 'bb', 'kg', 'next', 'beli', 'ahhh', 'koleksi', 'warna']
17;"udah ke 3x nya beli kaos di Pt net persada , bahan oke , tebel ukuran pun selalu sesuai ð buat seller nya good pertahanin kualitas nya iyaa ka ð

Buat kurir nya pun sama SONGONG !!";4.877300613496932;['udah', 'ke', '3x', 'nya', 'beli', 'kaos', 'di', 'Pt', 'net', 'persada', ',', 'bahan', 'oke', ',', 'tebel', 'ukuran', 'pun', 'selalu', 'sesuai', 'ð\x9f\x98\x87', 'buat', 'seller', 'nya', 'good', 'pertahanin', 'kualitas', 'nya', 'iyaa', 'ka', 'ð\x9f\x99\x8f', 'Buat', 'kurir', 'nya', 'pun', 'sama', 'SONGONG', '!', '!'];sudah ke 3x nya beli kaos di Pt net persada , bahan oke , tebel ukuran pun selalu sesuai ð buat seller nya good pertahanin kualitas nya iyaa ka ð Buat kurir nya pun sama SONGONG ! !;['x', 'nya', 'beli', 'kaos', 'pt', 'net', 'persada', 'bahan', 'oke', 'tebel', 'ukur', 'sesuai', 'seller', 'good', 'pertahanin', 'kualitas', 'iyaa', 'ka', 'kurir', 'songong']
18;kaosnya bagus, bahannya halus dan adem kalo di pake, size nya sesuai sama deskripsi. thankyou lazada dan seller ;5.0;['kaosnya', 'bagus', ',', 'bahannya', 'halus', 'dan', 'adem', 'kalo', 'di', 'pake', ',', 'size', 'nya', 'sesuai', 'sama', 'deskripsi', '.', 'thankyou', 'lazada', 'dan', 'seller'];kaosnya bagus , bahannya halus dan adem kalau di pakai , size nya sesuai sama deskripsi . thankyou lazada dan seller;['kaos', 'bagus', 'bahan', 'halus', 'adem', 'pakai', 'size', 'nya', 'sesuai', 'deskripsi', 'thankyou', 'lazada', 'seller']
19;barang bagus,bahan nya adem tebel,trimakasih seller.trimakasih lazada pengiriman nya cepat,next order lagið;5.0;['barang', 'bagus', ',', 'bahan', 'nya', 'adem', 'tebel', ',', 'trimakasih', 'seller.trimakasih', 'lazada', 'pengiriman', 'nya', 'cepat', ',', 'next', 'order', 'lagið\x9f\x91\x8d'];barang bagus , bahan nya adem tebel , terimakasih seller.trimakasih lazada pengiriman nya cepat , next order lagið;['barang', 'bagus', 'bahan', 'nya', 'adem', 'tebel', 'terimakasih', 'sellertrimakasih', 'lazada', 'kirim', 'cepat', 'next', 'order']
20;"Ternyata XL bener"" super gede ð  salah pilih ukuran akuð tapi bahannya enak cuman sedikit tipis kurang tebal ";4.0;"['Ternyata', 'XL', 'bener', ""''"", 'super', 'gede', 'ð\x9f\x98\x82', 'salah', 'pilih', 'ukuran', 'akuð\x9f\x98\x94', 'tapi', 'bahannya', 'enak', 'cuman', 'sedikit', 'tipis', 'kurang', 'tebal']";Ternyata XL benar '' super besar ð salah pilih ukuran akuð tapi bahannya enak cuma sedikit tipis kurang tebal;['xl', 'super', 'salah', 'pilih', 'ukur', 'bahan', 'enak', 'tipis', 'tebal']
21;barang nya dh smpe bagus bahan nya g panas realpict toko yg amanah good pertahankan boz q ..thank you so much;5.0;['barang', 'nya', 'dh', 'smpe', 'bagus', 'bahan', 'nya', 'g', 'panas', 'realpict', 'toko', 'yg', 'amanah', 'good', 'pertahankan', 'boz', 'q', '..', 'thank', 'you', 'so', 'much'];barang nya sudah sampai bagus bahan nya g panas realpict toko yang amanah good pertahankan boz q .. thank you so much;['barang', 'nya', 'bagus', 'bahan', 'g', 'panas', 'realpict', 'toko', 'amanah', 'good', 'tahan', 'boz', 'q', 'thank', 'you', 'so', 'much']
22;kaosnya oke bagus banget ððððð thank ya seller.thank juha lazada.thank abang kurirnya yg baik sdh langganan antr paket dari lazada is the best ððððððð;5.0;['kaosnya', 'oke', 'bagus', 'banget', 'ð\x9f\x91\x8dð\x9f\x91\x8dð\x9f\x91\x8dð\x9f\x91\x8dð\x9f\x91\x8d', 'thank', 'ya', 'seller.thank', 'juha', 'lazada.thank', 'abang', 'kurirnya', 'yg', 'baik', 'sdh', 'langganan', 'antr', 'paket', 'dari', 'lazada', 'is', 'the', 'best', 'ð\x9f\x91\x8dð\x9f\x91\x8dð\x9f\x91\x8dð\x9f\x91\x8dð\x9f\x91\x8dð\x9f\x98\x98ð\x9f\x98\x8d'];kaosnya oke bagus banget ððððð thank iya seller.thank juha lazada.thank abang kurirnya yang baik sudah langganan antr paket dari lazada is the best ððððððð;['kaos', 'oke', 'bagus', 'banget', 'thank', 'iya', 'sellerthank', 'juha', 'lazadathank', 'abang', 'kurir', 'langgan', 'antr', 'paket', 'lazada', 'is', 'the', 'best']
23;"alhamdulillah dah sampe realpict 
udah kedua kali dan tetap amanah 
thank u 
maaf nggak sempat difotoin udah diambil costumer";4.877300613496932;['alhamdulillah', 'dah', 'sampe', 'realpict', 'udah', 'kedua', 'kali', 'dan', 'tetap', 'amanah', 'thank', 'u', 'maaf', 'nggak', 'sempat', 'difotoin', 'udah', 'diambil', 'costumer'];syukur sudah sampai realpict sudah kedua kali dan tetap amanah thank u maaf nggak sempat difotoin sudah diambil costumer;['syukur', 'realpict', 'kali', 'amanah', 'thank', 'u', 'maaf', 'nggak', 'difotoin', 'ambil', 'costumer']
24;ini order yg kedua kalinya,udh cocok sma kaosnya,cuma kmren ada kendala pesan 7 tp dikirim cuma 4,trs dichat,respon sellernya cepet,akhirnya yg 3 lg dikirim,allhamdulilah amanah tokonya,pertahankan,next bakal order lg;5.0;['ini', 'order', 'yg', 'kedua', 'kalinya', ',', 'udh', 'cocok', 'sma', 'kaosnya', ',', 'cuma', 'kmren', 'ada', 'kendala', 'pesan', '7', 'tp', 'dikirim', 'cuma', '4', ',', 'trs', 'dichat', ',', 'respon', 'sellernya', 'cepet', ',', 'akhirnya', 'yg', '3', 'lg', 'dikirim', ',', 'allhamdulilah', 'amanah', 'tokonya', ',', 'pertahankan', ',', 'next', 'bakal', 'order', 'lg'];ini order yang kedua kalinya , sudah cocok sama kaosnya , cuma kmren ada kendala pesan 7 tapi dikirim cuma 4 , terus dichat , respon sellernya cepat , akhirnya yang 3 lg dikirim , allhamdulilah amanah tokonya , pertahankan , next bakal order lg;['order', 'kali', 'cocok', 'kaos', 'kmren', 'kendala', 'pesan', 'kirim', 'dichat', 'respon', 'sellernya', 'cepat', 'lg', 'allhamdulilah', 'amanah', 'toko', 'tahan', 'next']
25;Bahan adem, nyaman tapi sayang ko jahitannya kurang rapi. ada yang sobek tolong lain kali dicek lagi ya ;5.0;['Bahan', 'adem', ',', 'nyaman', 'tapi', 'sayang', 'ko', 'jahitannya', 'kurang', 'rapi', '.', 'ada', 'yang', 'sobek', 'tolong', 'lain', 'kali', 'dicek', 'lagi', 'ya'];Bahan adem , nyaman tapi sayang ko jahitannya kurang rapi . ada yang sobek tolong lain kali dicek lagi iya;['bahan', 'adem', 'nyaman', 'sayang', 'ko', 'jahit', 'rapi', 'sobek', 'tolong', 'kali', 'cek', 'iya']
26;Bagus Bahan nya Adam, nya man d pake;5.0;['Bagus', 'Bahan', 'nya', 'Adam', ',', 'nya', 'man', 'd', 'pake'];Bagus Bahan nya Adam , nya man d pakai;['bagus', 'bahan', 'nya', 'adam', 'man', 'd', 'pakai']
27;puas pke bgt.. ;5.0;['puas', 'pke', 'bgt', '..'];puas pakai banget ..;['puas', 'pakai', 'banget']
28;"udh 3 kali pesen dan semua bajunya bagus"", overall good";5.0;"['udh', '3', 'kali', 'pesen', 'dan', 'semua', 'bajunya', 'bagus', ""''"", ',', 'overall', 'good']";sudah 3 kali pesan dan semua bajunya bagus '' , overall good;['kali', 'pesan', 'baju', 'bagus', 'overall', 'good']
29;pesan warna apa yg datang warna apa .ga nyambung ! ;1.0;['pesan', 'warna', 'apa', 'yg', 'datang', 'warna', 'apa', '.ga', 'nyambung', '!'];pesan warna apa yang datang warna apa .ga nyambung !;['pesan', 'warna', 'ga', 'nyambung']
30;Halus bahanya, langsung disablon ðð;5.0;['Halus', 'bahanya', ',', 'langsung', 'disablon', 'ð\x9f\x91\x8dð\x9f\x99\x8f'];Halus bahanya , langsung disablon ðð;['halus', 'bahanya', 'langsung', 'sablon']
31;bagus untuk harga yg muraah meriah;5.0;['bagus', 'untuk', 'harga', 'yg', 'muraah', 'meriah'];bagus untuk harga yang muraah meriah;['bagus', 'harga', 'muraah', 'riah']
32;"baju mya adem aku suka. 
tpi sais L gede ya. 
sama yg pertama aku bli sais xL 
lebih gedek sais L, dari pada xL 
gpp yg penting bahan nya adem aja trimakasih lazadah ";4.877300613496932;['baju', 'mya', 'adem', 'aku', 'suka', '.', 'tpi', 'sais', 'L', 'gede', 'ya', '.', 'sama', 'yg', 'pertama', 'aku', 'bli', 'sais', 'xL', 'lebih', 'gedek', 'sais', 'L', ',', 'dari', 'pada', 'xL', 'gpp', 'yg', 'penting', 'bahan', 'nya', 'adem', 'aja', 'trimakasih', 'lazadah'];baju mya adem aku suka . tapi sais L besar iya . sama yang pertama aku bli sais xL lebih gedek sais L , dari pada xL baik yang penting bahan nya adem saja terimakasih lazadah;['baju', 'mya', 'adem', 'suka', 'sais', 'l', 'iya', 'bli', 'xl', 'gedek', 'bahan', 'nya', 'terimakasih', 'lazadah']
33;"mantap......best seller
";4.877300613496932;['mantap', '......', 'best', 'seller'];mantap ...... best seller;['mantap', 'best', 'seller']
34;BAGUS BANGET BAHANNYA TIDAK MENGECEWAKAN WORTH IT PARAH SIIIâ£ï¸â£ï¸ð¥°ð;5.0;['BAGUS', 'BANGET', 'BAHANNYA', 'TIDAK', 'MENGECEWAKAN', 'WORTH', 'IT', 'PARAH', 'SIIIâ\x9d£ï¸\x8fâ\x9d£ï¸\x8fð\x9f¥°ð\x9f\x98\x8d'];BAGUS BANGET BAHANNYA TIDAK MENGECEWAKAN WORTH IT PARAH SIIIâ£ï¸â£ï¸ð¥°ð;['bagus', 'banget', 'bahan', 'kecewa', 'worth', 'it', 'parah', 'siii']
35;ð intinya realpick ini yg ke 20x saya belanja di lazada semua ngga ada yg slh,, maksih untuk semua ð jgn perna ragu belnja di lazada semuany okeðð;5.0;['ð\x9f\x98\x8d', 'intinya', 'realpick', 'ini', 'yg', 'ke', '20x', 'saya', 'belanja', 'di', 'lazada', 'semua', 'ngga', 'ada', 'yg', 'slh', ',', ',', 'maksih', 'untuk', 'semua', 'ð\x9f\x91\x8d', 'jgn', 'perna', 'ragu', 'belnja', 'di', 'lazada', 'semuany', 'okeð\x9f\x98\x8dð\x9f\x98\x8d'];ð intinya realpick ini yang ke 20x saya belanja di lazada semua tidak ada yang slh , , makasih untuk semua ð jangan perna ragu belnja di lazada semuany okeðð;['inti', 'realpick', 'x', 'belanja', 'lazada', 'slh', 'makasih', 'perna', 'ragu', 'belnja', 'semuany', 'oke']
36;"barangnya bagus nyaman di pake
Alhamdulilah gak mengecewakan udah 2 kali beli di tokoh ini barangnya mantulððð
";4.877300613496932;['barangnya', 'bagus', 'nyaman', 'di', 'pake', 'Alhamdulilah', 'gak', 'mengecewakan', 'udah', '2', 'kali', 'beli', 'di', 'tokoh', 'ini', 'barangnya', 'mantulð\x9f\x98\x8að\x9f\x98\x8að\x9f\x98\x8a'];barangnya bagus nyaman di pakai Alhamdulilah tidak mengecewakan sudah 2 kali beli di tokoh ini barangnya mantulððð;['barang', 'bagus', 'nyaman', 'pakai', 'alhamdulilah', 'kecewa', 'kali', 'beli', 'tokoh', 'mantul']
37;sesuai pesanan yaa bahan adem banget pokoknya belanja disini ngga ngecewain dan pengirimannya juga cepat kurirl6yâ;5.0;['sesuai', 'pesanan', 'yaa', 'bahan', 'adem', 'banget', 'pokoknya', 'belanja', 'disini', 'ngga', 'ngecewain', 'dan', 'pengirimannya', 'juga', 'cepat', 'kurirl6yâ', '\x9e'];sesuai pesanan iya bahan adem banget pokoknya belanja disini tidak ngecewain dan pengirimannya juga cepat kurirl6yâ ;['sesuai', 'pesan', 'iya', 'bahan', 'adem', 'banget', 'pokok', 'belanja', 'ngecewain', 'kirim', 'cepat', 'kurirly']
38;Ga salah lagi aku pilih toko ini, kedua kalinya pesan 10 pcs dan sesuai dengan yang ku pesan, makasih ya PT. Net Persada Indonesia, kurir, dan lazada. Next aku pesan lagi âºï¸;5.0;['Ga', 'salah', 'lagi', 'aku', 'pilih', 'toko', 'ini', ',', 'kedua', 'kalinya', 'pesan', '10', 'pcs', 'dan', 'sesuai', 'dengan', 'yang', 'ku', 'pesan', ',', 'makasih', 'ya', 'PT', '.', 'Net', 'Persada', 'Indonesia', ',', 'kurir', ',', 'dan', 'lazada', '.', 'Next', 'aku', 'pesan', 'lagi', 'â\x98ºï¸\x8f'];Ga salah lagi aku pilih toko ini , kedua kalinya pesan 10 pcs dan sesuai dengan yang ku pesan , makasih iya PT . Net Persada Indonesia , kurir , dan lazada . Next aku pesan lagi âºï¸;['ga', 'salah', 'pilih', 'toko', 'kali', 'pesan', 'pcs', 'sesuai', 'ku', 'makasih', 'iya', 'pt', 'net', 'persada', 'indonesia', 'kurir', 'lazada', 'next']
39;"bagus,  aku suka 
next order lg";4.877300613496932;['bagus', ',', 'aku', 'suka', 'next', 'order', 'lg'];bagus , aku suka next order lg;['bagus', 'suka', 'next', 'order', 'lg']
40;Thanks seller, lazada, kurir, bahan kaosnya adem, sukses terus nanti mau beli lagi. ;5.0;['Thanks', 'seller', ',', 'lazada', ',', 'kurir', ',', 'bahan', 'kaosnya', 'adem', ',', 'sukses', 'terus', 'nanti', 'mau', 'beli', 'lagi', '.'];Thanks seller , lazada , kurir , bahan kaosnya adem , sukses terus nanti mau beli lagi .;['thanks', 'seller', 'lazada', 'kurir', 'bahan', 'kaos', 'adem', 'sukses', 'beli']
41;"Beli kedua kalinya udah ragu masih sama ato engga dengan pesanan pertama. Tapi ternyata sesuai pic juga. 
Thank you Lazada. ";4.877300613496932;['Beli', 'kedua', 'kalinya', 'udah', 'ragu', 'masih', 'sama', 'ato', 'engga', 'dengan', 'pesanan', 'pertama', '.', 'Tapi', 'ternyata', 'sesuai', 'pic', 'juga', '.', 'Thank', 'you', 'Lazada', '.'];Beli kedua kalinya sudah ragu masih sama ato tidak dengan pesanan pertama . Tapi ternyata sesuai pic juga . Thank you Lazada .;['beli', 'kali', 'ragu', 'ato', 'pesan', 'sesuai', 'pic', 'thank', 'you', 'lazada']
42;Sy beli 3 pcs utk ukuran XL, tapi yg sy terima hanya satu pc yg berukuran XL, sedangkan yg 2 pcs lagi berukuran M. Tlg Seller lebih cermat dan serius lagi dlm pelayanan nya. ;3.0;['Sy', 'beli', '3', 'pcs', 'utk', 'ukuran', 'XL', ',', 'tapi', 'yg', 'sy', 'terima', 'hanya', 'satu', 'pc', 'yg', 'berukuran', 'XL', ',', 'sedangkan', 'yg', '2', 'pcs', 'lagi', 'berukuran', 'M.', 'Tlg', 'Seller', 'lebih', 'cermat', 'dan', 'serius', 'lagi', 'dlm', 'pelayanan', 'nya', '.'];Sy beli 3 pcs untuk ukuran XL , tapi yang saya terima hanya satu pc yang berukuran XL , sedangkan yang 2 pcs lagi berukuran M. Tlg Seller lebih cermat dan serius lagi dalam pelayanan nya .;['sy', 'beli', 'pcs', 'ukur', 'xl', 'terima', 'pc', 'ukur', 'm', 'tlg', 'seller', 'cermat', 'serius', 'layan', 'nya']
43;8hari baru nyampeeeee, tapi gppa puas dngn bajunya puas juga sma pelayanan selernya.Terimakasih banyakð;5.0;['8hari', 'baru', 'nyampeeeee', ',', 'tapi', 'gppa', 'puas', 'dngn', 'bajunya', 'puas', 'juga', 'sma', 'pelayanan', 'selernya.Terimakasih', 'banyakð\x9f\x98\x8a'];8hari baru nyampeeeee , tapi gppa puas dngn bajunya puas juga sama pelayanan selernya.Terimakasih banyakð;['nyampeeeee', 'gppa', 'puas', 'dngn', 'baju', 'layan', 'selernyaterimakasih']
44;Bahannya baagusssð¢;5.0;['Bahannya', 'baagusssð\x9f\x98¢'];Bahannya baagusssð¢;['bahan', 'baagusss']
45;Parah nih toko, katanya baju cewe kenapa ini ukuran xl cowo gede banget jauh beda ama ukuran xl cewe;5.0;['Parah', 'nih', 'toko', ',', 'katanya', 'baju', 'cewe', 'kenapa', 'ini', 'ukuran', 'xl', 'cowo', 'gede', 'banget', 'jauh', 'beda', 'ama', 'ukuran', 'xl', 'cewe'];Parah ini toko , katanya baju cewe kenapa ini ukuran xl cowo besar banget jauh beda sama ukuran xl cewe;['parah', 'toko', 'baju', 'cewe', 'ukur', 'xl', 'cowo', 'banget', 'beda']
46;"mantaaap bajunya aku suka bahanya bagus,lembut adem tebal tapi tidak panas
Masya ALLAH makasih udah ke 4x order dan semuanya ok
sekarang mau order lg ,bear smua warna punya ð
sukses teus untuk toko Lazada beserta kurirnya";4.877300613496932;['mantaaap', 'bajunya', 'aku', 'suka', 'bahanya', 'bagus', ',', 'lembut', 'adem', 'tebal', 'tapi', 'tidak', 'panas', 'Masya', 'ALLAH', 'makasih', 'udah', 'ke', '4x', 'order', 'dan', 'semuanya', 'ok', 'sekarang', 'mau', 'order', 'lg', ',', 'bear', 'smua', 'warna', 'punya', 'ð\x9f\x98\x84', 'sukses', 'teus', 'untuk', 'toko', 'Lazada', 'beserta', 'kurirnya'];mantaaap bajunya aku suka bahanya bagus , lembut adem tebal tapi tidak panas Masya ALLAH makasih sudah ke 4x order dan semuanya ok sekarang mau order lg , bear smua warna punya ð sukses teus untuk toko Lazada beserta kurirnya;['mantaaap', 'baju', 'suka', 'bahanya', 'bagus', 'lembut', 'adem', 'tebal', 'panas', 'masya', 'allah', 'makasih', 'x', 'order', 'ok', 'lg', 'bear', 'smua', 'warna', 'sukses', 'teus', 'toko', 'lazada', 'serta', 'kurir']
47;"sumpaahh cakep bngt woyyy sebagus ituð murah harga terjangkau dan berkualiatas agak tipis tpi sesuai harga lah. ga mengecewakn pokoknya;) seller nya jga tanggap. okay, excellentð¯thank u seller n lazadaâ¤";5.0;"['sumpaahh', 'cakep', 'bngt', 'woyyy', 'sebagus', 'ituð\x9f\x98\x8d', 'murah', 'harga', 'terjangkau', 'dan', 'berkualiatas', 'agak', 'tipis', 'tpi', 'sesuai', 'harga', 'lah', '.', 'ga', 'mengecewakn', 'pokoknya', ';', ')', 'seller', 'nya', 'jga', 'tanggap', '.', 'okay', ',', 'excellentð\x9f\x92¯thank', 'u', 'seller', 'n', 'lazadaâ\x9d¤']";"sumpaahh cakep bngt woyyy sebagus ituð murah harga terjangkau dan berkualiatas agak tipis tapi sesuai harga lah . tidak mengecewakn pokoknya ; ) seller nya juga tanggap . okay , excellentð¯thank u seller dan lazadaâ¤";['sumpaahh', 'cakep', 'bngt', 'woyyy', 'bagus', 'murah', 'harga', 'jangkau', 'berkualiatas', 'tipis', 'sesuai', 'mengecewakn', 'pokok', 'seller', 'nya', 'tanggap', 'okay', 'excellentthank', 'u', 'lazada']
48;"warna/ukuran sesuai pesanan
ukuran L nya sesuai keinginan
ukuran tebalnya sesuai harga
sangat nyaman di pakenyað
terimakasih,5";4.877300613496932;['warna/ukuran', 'sesuai', 'pesanan', 'ukuran', 'L', 'nya', 'sesuai', 'keinginan', 'ukuran', 'tebalnya', 'sesuai', 'harga', 'sangat', 'nyaman', 'di', 'pakenyað\x9f\x91\x8d', 'terimakasih,5'];warna/ukuran sesuai pesanan ukuran L nya sesuai keinginan ukuran tebalnya sesuai harga sangat nyaman di pakenyað terimakasih,5;['warnaukuran', 'sesuai', 'pesan', 'ukur', 'l', 'nya', 'tebal', 'harga', 'nyaman', 'pakenya', 'terimakasih']
49;Paketnya sudah nyampe yg ditungguÂ² . Tks yaa;5.0;['Paketnya', 'sudah', 'nyampe', 'yg', 'ditungguÂ²', '.', 'Tks', 'yaa'];Paketnya sudah nyampe yang ditungguÂ² . Tks iya;['paket', 'nyampe', 'tunggu', 'tks', 'iya']
50;mantap lembut adem bahannya, kaya oppai wkwk;5.0;['mantap', 'lembut', 'adem', 'bahannya', ',', 'kaya', 'oppai', 'wkwk'];mantap lembut adem bahannya , kaya oppai wkwk;['mantap', 'lembut', 'adem', 'bahan', 'kaya', 'oppai', 'wkwk']
51;kaosnya bagus... bahan adem dan pengiriman cepat;5.0;['kaosnya', 'bagus', '...', 'bahan', 'adem', 'dan', 'pengiriman', 'cepat'];kaosnya bagus ... bahan adem dan pengiriman cepat;['kaos', 'bagus', 'bahan', 'adem', 'kirim', 'cepat']
52;kaosnya bagus... bahan adem dan pengiriman cepat;5.0;['kaosnya', 'bagus', '...', 'bahan', 'adem', 'dan', 'pengiriman', 'cepat'];kaosnya bagus ... bahan adem dan pengiriman cepat;['kaos', 'bagus', 'bahan', 'adem', 'kirim', 'cepat']
53;bagus bgt deh pokoknya... ððððð;5.0;['bagus', 'bgt', 'deh', 'pokoknya', '...', 'ð\x9f\x91\x8dð\x9f\x91\x8dð\x9f\x91\x8dð\x9f\x91\x8dð\x9f\x91\x8d'];bagus banget deh pokoknya ... ððððð;['bagus', 'banget', 'deh', 'pokok']
54;Mantul lah pokoknya;5.0;['Mantul', 'lah', 'pokoknya'];Mantul lah pokoknya;['mantul', 'pokok']
55;"
Bahannya adem bagus To ukkuran L nya gede";5.0;['Bahannya', 'adem', 'bagus', 'To', 'ukkuran', 'L', 'nya', 'gede'];Bahannya adem bagus To ukkuran L nya besar;['bahan', 'adem', 'bagus', 'to', 'ukkuran', 'l', 'nya']
56;"kainnya adem ..bagus buat sehari2. top pkoknya
";4.877300613496932;['kainnya', 'adem', '..', 'bagus', 'buat', 'sehari2', '.', 'top', 'pkoknya'];kainnya adem .. bagus buat sehari2 . top pkoknya;['kain', 'adem', 'bagus', 'hari', 'top', 'pkoknya']
57;"bajunya keren,,bahannya adem,,
tapi yg white agak tipis,,trs BB saya 70kg pake ukuran XL ke gedean,, padahal mgkn pake ukuran L masih bisa...tapi yawdh GPP aku suka bajunya ";4.877300613496932;['bajunya', 'keren', ',', ',bahannya', 'adem', ',', ',', 'tapi', 'yg', 'white', 'agak', 'tipis', ',', ',trs', 'BB', 'saya', '70kg', 'pake', 'ukuran', 'XL', 'ke', 'gedean', ',', ',', 'padahal', 'mgkn', 'pake', 'ukuran', 'L', 'masih', 'bisa', '...', 'tapi', 'yawdh', 'GPP', 'aku', 'suka', 'bajunya'];bajunya keren , ,bahannya adem , , tapi yang white agak tipis , ,trs BB saya 70kg pakai ukuran XL ke gedean , , padahal mgkn pakai ukuran L masih bisa ... tapi yawdh GPP aku suka bajunya;['baju', 'keren', 'bahan', 'adem', 'white', 'tipis', 'trs', 'bb', 'kg', 'pakai', 'ukur', 'xl', 'gede', 'mgkn', 'l', 'yawdh', 'gpp', 'suka']
58;"kenapa ya bajunya gak sama besar jadi beda gitu padahal sama ukuran. 
tapi bahannya bagus. kecewanya di konsisten ukuran saja";4.877300613496932;['kenapa', 'ya', 'bajunya', 'gak', 'sama', 'besar', 'jadi', 'beda', 'gitu', 'padahal', 'sama', 'ukuran', '.', 'tapi', 'bahannya', 'bagus', '.', 'kecewanya', 'di', 'konsisten', 'ukuran', 'saja'];kenapa iya bajunya tidak sama besar jadi beda gitu padahal sama ukuran . tapi bahannya bagus . kecewanya di konsisten ukuran saja;['iya', 'baju', 'beda', 'gitu', 'ukur', 'bahan', 'bagus', 'kecewa', 'konsisten']
59;"good sesuai bner bener enak dan adem bahannya..
kurirnya juga udh langganan jadi madep ð";4.877300613496932;['good', 'sesuai', 'bner', 'bener', 'enak', 'dan', 'adem', 'bahannya', '..', 'kurirnya', 'juga', 'udh', 'langganan', 'jadi', 'madep', 'ð\x9f\x98\x8a'];good sesuai bner benar enak dan adem bahannya .. kurirnya juga sudah langganan jadi madep ð;['good', 'sesuai', 'bner', 'enak', 'adem', 'bahan', 'kurir', 'langgan', 'madep']
60;Alhamdulillah udh beli 2kaos,sesuai warna sama ukuran dan bahanya juga adem,ngga kecewa deh beli ditoko ini,trmksh ..;5.0;['Alhamdulillah', 'udh', 'beli', '2kaos', ',', 'sesuai', 'warna', 'sama', 'ukuran', 'dan', 'bahanya', 'juga', 'adem', ',', 'ngga', 'kecewa', 'deh', 'beli', 'ditoko', 'ini', ',', 'trmksh', '..'];Alhamdulillah sudah beli 2kaos , sesuai warna sama ukuran dan bahanya juga adem , tidak kecewa deh beli ditoko ini , trmksh ..;['alhamdulillah', 'beli', 'kaos', 'sesuai', 'warna', 'ukur', 'bahanya', 'adem', 'kecewa', 'deh', 'toko', 'trmksh']
61;Kaosnya agak tipis, tapi tetep bagus;4.0;['Kaosnya', 'agak', 'tipis', ',', 'tapi', 'tetep', 'bagus'];Kaosnya agak tipis , tapi tetap bagus;['kaos', 'tipis', 'bagus']
62;bagus bgt cepet smpe;5.0;['bagus', 'bgt', 'cepet', 'smpe'];bagus banget cepat sampai;['bagus', 'banget', 'cepat']
63;"ini dah k 3x'y aku bli. puas untuk semua""y.mkasih k";5.0;"['ini', 'dah', 'k', '3x', ""'"", 'y', 'aku', 'bli', '.', 'puas', 'untuk', 'semua', ""''"", 'y.mkasih', 'k']";ini sudah k 3x ' y aku bli . puas untuk semua '' y.mkasih k;['k', 'x', 'y', 'bli', 'puas', 'ymkasih']
64;"Suka all dgn kaos2 dr toko ini, lebih murah cutting rapih , adem bahannya
ðð¼ðð¼";4.877300613496932;['Suka', 'all', 'dgn', 'kaos2', 'dr', 'toko', 'ini', ',', 'lebih', 'murah', 'cutting', 'rapih', ',', 'adem', 'bahannya', 'ð\x9f\x99\x8fð\x9f\x8f¼ð\x9f\x99\x8fð\x9f\x8f¼'];Suka all dengan kaos2 dari toko ini , lebih murah cutting rapih , adem bahannya ðð¼ðð¼;['suka', 'all', 'kaos', 'toko', 'murah', 'cutting', 'rapih', 'adem', 'bahan']
65;alhamdulilal,sesuai pesanan bahanya jg bagus and adem kurirnya udh langganan ð;5.0;['alhamdulilal', ',', 'sesuai', 'pesanan', 'bahanya', 'jg', 'bagus', 'and', 'adem', 'kurirnya', 'udh', 'langganan', 'ð\x9f\x91\x8d'];alhamdulilal , sesuai pesanan bahanya jg bagus dan adem kurirnya sudah langganan ð;['alhamdulilal', 'sesuai', 'pesan', 'bahanya', 'jg', 'bagus', 'adem', 'kurir', 'langgan']
66;bahan nya bagus dan tebal;5.0;['bahan', 'nya', 'bagus', 'dan', 'tebal'];bahan nya bagus dan tebal;['bahan', 'nya', 'bagus', 'tebal']
67;ukuran xlnya ternyata gede ..tapi gpp bagus bahannya halus;5.0;['ukuran', 'xlnya', 'ternyata', 'gede', '..', 'tapi', 'gpp', 'bagus', 'bahannya', 'halus'];ukuran xlnya ternyata besar .. tapi baik bagus bahannya halus;['ukur', 'xlnya', 'bagus', 'bahan', 'halus']
68;puas pokok.nya belnaja di sni bahan.nya bagus bgd cpet sampai kurir ramahððððð;5.0;['puas', 'pokok.nya', 'belnaja', 'di', 'sni', 'bahan.nya', 'bagus', 'bgd', 'cpet', 'sampai', 'kurir', 'ramahð\x9f\x99\x8fð\x9f\x99\x8fð\x9f\x99\x8fð\x9f\x99\x8fð\x9f\x99\x8f'];puas pokok.nya belnaja di sni bahan.nya bagus bgd cpet sampai kurir ramahððððð;['puas', 'pokok', 'belnaja', 'sni', 'bahan', 'bagus', 'bgd', 'cpet', 'kurir', 'ramah']
69;bahan bagus, kurir jg ramah, cuma pengiriman agak lama, tapi ga masalah, mantap lazada;5.0;['bahan', 'bagus', ',', 'kurir', 'jg', 'ramah', ',', 'cuma', 'pengiriman', 'agak', 'lama', ',', 'tapi', 'ga', 'masalah', ',', 'mantap', 'lazada'];bahan bagus , kurir jg ramah , cuma pengiriman agak lama , tapi tidak masalah , mantap lazada;['bahan', 'bagus', 'kurir', 'jg', 'ramah', 'kirim', 'mantap', 'lazada']
70;bagus bhan'y juga bagus sesuai..udah 2x beli next jdi langganan..;5.0;"['bagus', 'bhan', ""'"", 'y', 'juga', 'bagus', 'sesuai', '..', 'udah', '2x', 'beli', 'next', 'jdi', 'langganan', '..']";bagus bhan ' y juga bagus sesuai .. sudah 2x beli next jadi langganan ..;['bagus', 'bhan', 'y', 'sesuai', 'x', 'beli', 'next', 'langgan']
71;bagus bahan adem,ukuran dan warna benar semua sesuai yg diminta,seller responsif..thx;5.0;['bagus', 'bahan', 'adem', ',', 'ukuran', 'dan', 'warna', 'benar', 'semua', 'sesuai', 'yg', 'diminta', ',', 'seller', 'responsif', '..', 'thx'];bagus bahan adem , ukuran dan warna benar semua sesuai yang diminta , seller responsif .. terimakasih;['bagus', 'bahan', 'adem', 'ukur', 'warna', 'sesuai', 'seller', 'responsif', 'terimakasih']
72;lopelope bat da hahaha;5.0;['lopelope', 'bat', 'da', 'hahaha'];lopelope bat da hahaha;['lopelope', 'bat', 'da', 'hahaha']
73;kaosnya bagus bgt...adem dipakai.g tipis bgt...pokoke realpic.klo mau ambil banyak gmn caranya yya;5.0;['kaosnya', 'bagus', 'bgt', '...', 'adem', 'dipakai.g', 'tipis', 'bgt', '...', 'pokoke', 'realpic.klo', 'mau', 'ambil', 'banyak', 'gmn', 'caranya', 'yya'];kaosnya bagus banget ... adem dipakai.g tipis banget ... pokoke realpic.klo mau ambil banyak bagaimana caranya yya;['kaos', 'bagus', 'banget', 'adem', 'dipakaig', 'tipis', 'pokoke', 'realpicklo', 'ambil', 'yya']
74;barangnya cocok suka saya ...semoga tidak mengecewakan ya .. terimakasih ðð;5.0;['barangnya', 'cocok', 'suka', 'saya', '...', 'semoga', 'tidak', 'mengecewakan', 'ya', '..', 'terimakasih', 'ð\x9f\x98\x8að\x9f\x99\x8f'];barangnya cocok suka saya ... semoga tidak mengecewakan iya .. terimakasih ðð;['barang', 'cocok', 'suka', 'moga', 'kecewa', 'iya', 'terimakasih']
75;barang sampai dengan selamat.. pengiriman cepat kurir jg ramah. ðð;5.0;['barang', 'sampai', 'dengan', 'selamat', '..', 'pengiriman', 'cepat', 'kurir', 'jg', 'ramah', '.', 'ð\x9f\x91\x8dð\x9f\x91\x8d'];barang sampai dengan selamat .. pengiriman cepat kurir jg ramah . ðð;['barang', 'selamat', 'kirim', 'cepat', 'kurir', 'jg', 'ramah']
76;jangan ragu untuk membeli ya gais gais super duper amanah bangetðâºï¸;5.0;['jangan', 'ragu', 'untuk', 'membeli', 'ya', 'gais', 'gais', 'super', 'duper', 'amanah', 'bangetð\x9f\x98\x8dâ\x98ºï¸\x8f'];jangan ragu untuk membeli iya gais gais super duper amanah bangetðâºï¸;['ragu', 'beli', 'iya', 'gais', 'super', 'duper', 'amanah', 'banget']
77;real fict,tapi sizenya banyak yg ketuker ukuran S besar yg ukuran L kecil;5.0;['real', 'fict', ',', 'tapi', 'sizenya', 'banyak', 'yg', 'ketuker', 'ukuran', 'S', 'besar', 'yg', 'ukuran', 'L', 'kecil'];real fict , tapi sizenya banyak yang ketuker ukuran S besar yang ukuran L kecil;['real', 'fict', 'sizenya', 'ketuker', 'ukur', 's', 'l']
78;udh pesenan ke 4, bajunya bagus semua dan nyaman dipakai. terimakasih lazada dan seller;5.0;['udh', 'pesenan', 'ke', '4', ',', 'bajunya', 'bagus', 'semua', 'dan', 'nyaman', 'dipakai', '.', 'terimakasih', 'lazada', 'dan', 'seller'];sudah pesenan ke 4 , bajunya bagus semua dan nyaman dipakai . terimakasih lazada dan seller;['sen', 'baju', 'bagus', 'nyaman', 'pakai', 'terimakasih', 'lazada', 'seller']
79;kaos bgs adem;5.0;['kaos', 'bgs', 'adem'];kaos bgs adem;['kaos', 'bgs', 'adem']
80;bahan nya adem dengan harga segitu berani banget nti order lg;5.0;['bahan', 'nya', 'adem', 'dengan', 'harga', 'segitu', 'berani', 'banget', 'nti', 'order', 'lg'];bahan nya adem dengan harga segitu berani banget nti order lg;['bahan', 'nya', 'adem', 'harga', 'segitu', 'berani', 'banget', 'nti', 'order', 'lg']
81;tokonya amanah banget... mantaap...;5.0;['tokonya', 'amanah', 'banget', '...', 'mantaap', '...'];tokonya amanah banget ... mantaap ...;['toko', 'amanah', 'banget', 'mantaap']
82;bagus sesuai ukuran bakal belanja disini lgi untuk kaos kaos polos ;5.0;['bagus', 'sesuai', 'ukuran', 'bakal', 'belanja', 'disini', 'lgi', 'untuk', 'kaos', 'kaos', 'polos'];bagus sesuai ukuran bakal belanja disini lagi untuk kaos kaos polos;['bagus', 'sesuai', 'ukur', 'belanja', 'kaos', 'polos']
83;sumpah bahannya berkualitas jahitannya juga baguss ga ngecewain ;5.0;['sumpah', 'bahannya', 'berkualitas', 'jahitannya', 'juga', 'baguss', 'ga', 'ngecewain'];sumpah bahannya berkualitas jahitannya juga baguss tidak ngecewain;['sumpah', 'bahan', 'kualitas', 'jahit', 'baguss', 'ngecewain']
84;bajunya bagus dan harga relatif murah gak nyesel pokoknya;5.0;['bajunya', 'bagus', 'dan', 'harga', 'relatif', 'murah', 'gak', 'nyesel', 'pokoknya'];bajunya bagus dan harga relatif murah tidak nyesel pokoknya;['baju', 'bagus', 'harga', 'relatif', 'murah', 'nyesel', 'pokok']
85;Bagus kaos nya...adem lagi pengiriman jg cpt;5.0;['Bagus', 'kaos', 'nya', '...', 'adem', 'lagi', 'pengiriman', 'jg', 'cpt'];Bagus kaos nya ... adem lagi pengiriman jg cpt;['bagus', 'kaos', 'nya', 'adem', 'kirim', 'jg', 'cpt']
86;Bagus kaos nya...adem lagi pengiriman jg cpt;5.0;['Bagus', 'kaos', 'nya', '...', 'adem', 'lagi', 'pengiriman', 'jg', 'cpt'];Bagus kaos nya ... adem lagi pengiriman jg cpt;['bagus', 'kaos', 'nya', 'adem', 'kirim', 'jg', 'cpt']
87;Ini yg k 2.puas;5.0;['Ini', 'yg', 'k', '2.puas'];Ini yang k 2.puas;['k', 'puas']
88;Sllu puas beli di toko ini..di tungu lg stok warnaÂ² yg lain untuk size xl;5.0;['Sllu', 'puas', 'beli', 'di', 'toko', 'ini', '..', 'di', 'tungu', 'lg', 'stok', 'warnaÂ²', 'yg', 'lain', 'untuk', 'size', 'xl'];Sllu puas beli di toko ini .. di tungu lg stok warnaÂ² yang lain untuk size xl;['sllu', 'puas', 'beli', 'toko', 'tungu', 'lg', 'stok', 'warna', 'size', 'xl']
89;Alhamdulillah barang nya okee bahan nya enak lembut;5.0;['Alhamdulillah', 'barang', 'nya', 'okee', 'bahan', 'nya', 'enak', 'lembut'];Alhamdulillah barang nya okee bahan nya enak lembut;['alhamdulillah', 'barang', 'nya', 'okee', 'bahan', 'enak', 'lembut']
90;ga lunturrr bagusss kaosnya aluss tebelll ok deh pokoknya;5.0;['ga', 'lunturrr', 'bagusss', 'kaosnya', 'aluss', 'tebelll', 'ok', 'deh', 'pokoknya'];tidak lunturrr bagusss kaosnya aluss tebelll ok deh pokoknya;['lunturrr', 'bagusss', 'kaos', 'aluss', 'tebelll', 'ok', 'deh', 'pokok']
91;bhan'y bgus bgt.. lngsung pesen lg. suksed trus buat lazada. ;5.0;"['bhan', ""'"", 'y', 'bgus', 'bgt', '..', 'lngsung', 'pesen', 'lg', '.', 'suksed', 'trus', 'buat', 'lazada', '.']";bhan ' y bgus banget .. lngsung pesan lg . suksed terus buat lazada .;['bhan', 'y', 'bgus', 'banget', 'lngsung', 'pesan', 'lg', 'suksed', 'lazada']
92;rekomend ini mh mantapð kurirnya baik pisanð;5.0;['rekomend', 'ini', 'mh', 'mantapð\x9f\x91\x8d', 'kurirnya', 'baik', 'pisanð\x9f\x91\x8d'];rekomend ini mh mantapð kurirnya baik pisanð;['rekomend', 'mh', 'mantap', 'kurir', 'pis']
93;barang nya real pic semua suka banget makasihð¤©;5.0;['barang', 'nya', 'real', 'pic', 'semua', 'suka', 'banget', 'makasihð\x9f¤©'];barang nya real pic semua suka banget makasihð¤©;['barang', 'nya', 'real', 'pic', 'suka', 'banget', 'makasih']
94;bahan nya bagus trimaksiððððð;5.0;['bahan', 'nya', 'bagus', 'trimaksið\x9f\x98\x8að\x9f\x91\x8dð\x9f\x91\x8dð\x9f\x91\x8dð\x9f\x91\x8d'];bahan nya bagus trimaksiððððð;['bahan', 'nya', 'bagus', 'trimaksi']
95;bagus ...saya suka , bhnnya adem ;5.0;['bagus', '...', 'saya', 'suka', ',', 'bhnnya', 'adem'];bagus ... saya suka , bhnnya adem;['bagus', 'suka', 'bhnnya', 'adem']
96;Alhamdulillah udh 4x order disni ga kecewa..bahan adem enak..sukses terusð;5.0;['Alhamdulillah', 'udh', '4x', 'order', 'disni', 'ga', 'kecewa', '..', 'bahan', 'adem', 'enak', '..', 'sukses', 'terusð\x9f\x92\x9c'];Alhamdulillah sudah 4x order disni tidak kecewa .. bahan adem enak .. sukses terusð;['alhamdulillah', 'x', 'order', 'disni', 'kecewa', 'bahan', 'adem', 'enak', 'sukses']
97;Bahan bagus lembut adem harga terjangkau tolong warna yg habis restock lg dong;5.0;['Bahan', 'bagus', 'lembut', 'adem', 'harga', 'terjangkau', 'tolong', 'warna', 'yg', 'habis', 'restock', 'lg', 'dong'];Bahan bagus lembut adem harga terjangkau tolong warna yang habis restock lg dong;['bahan', 'bagus', 'lembut', 'adem', 'harga', 'jangkau', 'tolong', 'warna', 'habis', 'restock', 'lg']
98;mantul..udaH berlangganan..pertaHan'kan y kualitas'nya..walaw Harga muraH tpi gk muraHan..!!!;5.0;"['mantul', '..', 'udaH', 'berlangganan', '..', ""pertaHan'kan"", 'y', ""kualitas'nya"", '..', 'walaw', 'Harga', 'muraH', 'tpi', 'gk', 'muraHan', '..', '!', '!', '!']";bagus .. udaH berlangganan .. pertaHan'kan y kualitas'nya .. walaw Harga muraH tapi tidak muraHan .. ! ! !;['bagus', 'udah', 'langgan', 'tahan', 'y', 'kualitas', 'walaw', 'harga', 'murah', 'murah']
99;kaos nya bagus.sukað¤;5.0;['kaos', 'nya', 'bagus.sukað\x9f¤\x97'];kaos nya bagus.sukað¤;['kaos', 'nya', 'bagussuka']
100;bju ya bagus sya sukað¥°ð¥°;5.0;['bju', 'ya', 'bagus', 'sya', 'sukað\x9f¥°ð\x9f¥°'];bju iya bagus saya sukað¥°ð¥°;['bju', 'iya', 'bagus', 'suka']
101;gak pernah nyesel deh belanja di toko ini the best bangetðâ¨;5.0;['gak', 'pernah', 'nyesel', 'deh', 'belanja', 'di', 'toko', 'ini', 'the', 'best', 'bangetð\x9f\x98\x8dâ\x9c¨'];tidak pernah nyesel deh belanja di toko ini the best bangetðâ¨;['nyesel', 'deh', 'belanja', 'toko', 'the', 'best', 'banget']
102;kaos,a sesuai gambar ;5.0;['kaos', ',', 'a', 'sesuai', 'gambar'];kaos , a sesuai gambar;['kaos', 'a', 'sesuai', 'gambar']
103;Lengkapppððð©ð©ð©ð©ð©ð©ð©ð©ð©;5.0;['Lengkapppð\x9f\x99\x8fð\x9f\x99\x8fð\x9f\x98©ð\x9f\x98©ð\x9f\x98©ð\x9f\x98©ð\x9f\x98©ð\x9f\x98©ð\x9f\x98©ð\x9f\x98©ð\x9f\x98©'];Lengkapppððð©ð©ð©ð©ð©ð©ð©ð©ð©;['lengkappp']
104;bagus babget bahan engga panas deh dijamin endollð;5.0;['bagus', 'babget', 'bahan', 'engga', 'panas', 'deh', 'dijamin', 'endollð\x9f\x98\x8b'];bagus babget bahan tidak panas deh dijamin endollð;['bagus', 'babget', 'bahan', 'panas', 'deh', 'jamin', 'endoll']
105;bagus baju,a sesuai gambar di pake,a adem;5.0;['bagus', 'baju', ',', 'a', 'sesuai', 'gambar', 'di', 'pake', ',', 'a', 'adem'];bagus baju , a sesuai gambar di pakai , a adem;['bagus', 'baju', 'a', 'sesuai', 'gambar', 'pakai', 'adem']
106;barang sesuai pesanan.pengiriman cepat .TKS lazada ;5.0;['barang', 'sesuai', 'pesanan.pengiriman', 'cepat', '.TKS', 'lazada'];barang sesuai pesanan.pengiriman cepat .TKS lazada;['barang', 'sesuai', 'pesananpengiriman', 'cepat', 'tks', 'lazada']
107;mntp bahanya enak nyaman lagih di pakai;4.0;['mntp', 'bahanya', 'enak', 'nyaman', 'lagih', 'di', 'pakai'];mntp bahanya enak nyaman lagih di pakai;['mntp', 'bahanya', 'enak', 'nyaman', 'lagih', 'pakai']
108;gak nyesel jdi langganan buat kaos oblong d sini...bagus bangeett;5.0;['gak', 'nyesel', 'jdi', 'langganan', 'buat', 'kaos', 'oblong', 'd', 'sini', '...', 'bagus', 'bangeett'];tidak nyesel jadi langganan buat kaos oblong d sini ... bagus bangeett;['nyesel', 'langgan', 'kaos', 'oblong', 'd', 'bagus', 'bangeett']
109;biar bintang yg berbicara;5.0;['biar', 'bintang', 'yg', 'berbicara'];biar bintang yang berbicara;['biar', 'bintang', 'bicara']
110;Baju nya bagus bingits,,,kurirnya aseeek;5.0;['Baju', 'nya', 'bagus', 'bingits', ',', ',', ',', 'kurirnya', 'aseeek'];Baju nya bagus bingits , , , kurirnya aseeek;['baju', 'nya', 'bagus', 'bingits', 'kurir', 'aseeek']
111;Bagus bgtttt;5.0;['Bagus', 'bgtttt'];Bagus bgtttt;['bagus', 'bgtttt']
112;sesuwai  degan gambarnya saya sukað;5.0;['sesuwai', 'degan', 'gambarnya', 'saya', 'sukað\x9f\x91\x8d'];sesuwai degan gambarnya saya sukað;['sesuwai', 'degan', 'gambar', 'suka']
113;size L nya habis diganti m, tp bagus sih dikonfirm dlu ð;5.0;['size', 'L', 'nya', 'habis', 'diganti', 'm', ',', 'tp', 'bagus', 'sih', 'dikonfirm', 'dlu', 'ð\x9f\x8c\x88'];size L nya habis diganti m , tapi bagus sih dikonfirm dulu ð;['size', 'l', 'nya', 'habis', 'ganti', 'm', 'bagus', 'sih', 'dikonfirm']
114;Bagusss bgttttt ademmmmm;5.0;['Bagusss', 'bgttttt', 'ademmmmm'];Bagusss bgttttt ademmmmm;['bagusss', 'bgttttt', 'ademmmmm']
115;bagus bgt bahan adem.. semoga warna nya diperbanyak ya;5.0;['bagus', 'bgt', 'bahan', 'adem', '..', 'semoga', 'warna', 'nya', 'diperbanyak', 'ya'];bagus banget bahan adem .. semoga warna nya diperbanyak iya;['bagus', 'banget', 'bahan', 'adem', 'moga', 'warna', 'nya', 'banyak', 'iya']
116;mantap.  ini oderan yg ke 5;5.0;['mantap', '.', 'ini', 'oderan', 'yg', 'ke', '5'];mantap . ini oderan yang ke 5;['mantap', 'oderan']
117;lumyan,,tpi kaosny kurang tebal;3.0;['lumyan', ',', ',tpi', 'kaosny', 'kurang', 'tebal'];lumyan , ,tpi kaosny kurang tebal;['lumyan', 'tpi', 'kaosny', 'tebal']
118;ðððððððððððððð;5.0;['ð\x9f\x91\x8dð\x9f\x91\x8dð\x9f\x91\x8dð\x9f\x91\x8dð\x9f\x91\x8dð\x9f\x91\x8dð\x9f\x91\x8dð\x9f\x91\x8dð\x9f\x91\x8dð\x9f\x91\x8dð\x9f\x91\x8dð\x9f\x91\x8dð\x9f\x91\x8dð\x9f\x91\x8d'];ðððððððððððððð;[]
119;bahan lumayan bagus gak tipis gx tebel..adem juga di pakainya..next mau order lg warna lain..thanks;5.0;['bahan', 'lumayan', 'bagus', 'gak', 'tipis', 'gx', 'tebel', '..', 'adem', 'juga', 'di', 'pakainya', '..', 'next', 'mau', 'order', 'lg', 'warna', 'lain', '..', 'thanks'];bahan lumayan bagus tidak tipis gak tebel .. adem juga di pakainya .. next mau order lg warna lain .. thanks;['bahan', 'lumayan', 'bagus', 'tipis', 'gak', 'tebel', 'adem', 'pakai', 'next', 'order', 'lg', 'warna', 'thanks']
120;Sengaja beli ukuran lebih biar longgar ternyata iya size xxl nya gede;5.0;['Sengaja', 'beli', 'ukuran', 'lebih', 'biar', 'longgar', 'ternyata', 'iya', 'size', 'xxl', 'nya', 'gede'];Sengaja beli ukuran lebih biar longgar ternyata iya size xxl nya besar;['sengaja', 'beli', 'ukur', 'biar', 'longgar', 'iya', 'size', 'xxl', 'nya']
121;kualitasnya mantap, ;5.0;['kualitasnya', 'mantap', ','];kualitasnya mantap ,;['kualitas', 'mantap']
122;pas ukuranya n bahanya bagus..;5.0;['pas', 'ukuranya', 'n', 'bahanya', 'bagus', '..'];cocok ukuranya dan bahanya bagus ..;['cocok', 'ukuranya', 'bahanya', 'bagus']
123;bahannya nyamanðbagus bangetð;5.0;['bahannya', 'nyamanð\x9f\x98\x8abagus', 'bangetð\x9f\x91\x8d'];bahannya nyamanðbagus bangetð;['bahan', 'nyamanbagus', 'banget']
124;lumayan bagus ,adem;5.0;['lumayan', 'bagus', ',', 'adem'];lumayan bagus , adem;['lumayan', 'bagus', 'adem']
125;Recommended nih.bahannya adem.;5.0;['Recommended', 'nih.bahannya', 'adem', '.'];Recommended nih.bahannya adem .;['recommended', 'nihbahannya', 'adem']
126;barang bagus;5.0;['barang', 'bagus'];barang bagus;['barang', 'bagus']
127;barang ok sesuai dngn harganya;5.0;['barang', 'ok', 'sesuai', 'dngn', 'harganya'];barang ok sesuai dngn harganya;['barang', 'ok', 'sesuai', 'dngn', 'harga']
128;Baju nya bagus bahan nya halus dan memuaskan.;5.0;['Baju', 'nya', 'bagus', 'bahan', 'nya', 'halus', 'dan', 'memuaskan', '.'];Baju nya bagus bahan nya halus dan memuaskan .;['baju', 'nya', 'bagus', 'bahan', 'halus', 'muas']
129;sangat bagus dan aku pun beli lagi â¤;5.0;['sangat', 'bagus', 'dan', 'aku', 'pun', 'beli', 'lagi', 'â\x9d¤'];sangat bagus dan aku pun beli lagi â¤;['bagus', 'beli']
130;Suka, warna juga real pic tpi sayang ukuran kegedean ini mau pesen size yg lebih kecilð;5.0;['Suka', ',', 'warna', 'juga', 'real', 'pic', 'tpi', 'sayang', 'ukuran', 'kegedean', 'ini', 'mau', 'pesen', 'size', 'yg', 'lebih', 'kecilð\x9f\x98\x8a'];Suka , warna juga real pic tapi sayang ukuran kegedean ini mau pesan size yang lebih kecilð;['suka', 'warna', 'real', 'pic', 'sayang', 'ukur', 'gede', 'pesan', 'size']
131;ðððððððððððð;5.0;['ð\x9f\x91\x8cð\x9f\x91\x8cð\x9f\x91\x8cð\x9f\x91\x8cð\x9f\x91\x8cð\x9f\x91\x8cð\x9f\x91\x8cð\x9f\x91\x8cð\x9f\x91\x8cð\x9f\x91\x8cð\x9f\x91\x8cð\x9f\x91\x8c'];ðððððððððððð;[]
132;pas di badan , bagus, mantul;5.0;['pas', 'di', 'badan', ',', 'bagus', ',', 'mantul'];cocok di badan , bagus , bagus;['cocok', 'badan', 'bagus']
133;ððððððð;5.0;['ð\x9f\x91\x8cð\x9f\x91\x8cð\x9f\x91\x8cð\x9f\x91\x8dð\x9f\x91\x8dð\x9f\x91\x8dð\x9f\x91\x8d'];ððððððð;[]
134;selalu memuaskan;5.0;['selalu', 'memuaskan'];selalu memuaskan;['muas']
135;mantul kaos nya bahan adem sesuai dipict bener bener katun 30s aslii parahhhh.;5.0;['mantul', 'kaos', 'nya', 'bahan', 'adem', 'sesuai', 'dipict', 'bener', 'bener', 'katun', '30s', 'aslii', 'parahhhh', '.'];bagus kaos nya bahan adem sesuai dipict benar benar katun 30s aslii parahhhh .;['bagus', 'kaos', 'nya', 'bahan', 'adem', 'sesuai', 'dipict', 'katun', 's', 'asli', 'parahhhh']
136;memuaskan ðð thx;5.0;['memuaskan', 'ð\x9f\x98\x8dð\x9f\x98\x8d', 'thx'];memuaskan ðð terimakasih;['muas', 'terimakasih']
137;Bahan nya bagus gak tipis dan gak tebal, puas belnja disini.;5.0;['Bahan', 'nya', 'bagus', 'gak', 'tipis', 'dan', 'gak', 'tebal', ',', 'puas', 'belnja', 'disini', '.'];Bahan nya bagus tidak tipis dan tidak tebal , puas belnja disini .;['bahan', 'nya', 'bagus', 'tipis', 'tebal', 'puas', 'belnja']
138;ððððððððð;5.0;['ð\x9f\x91\x8cð\x9f\x91\x8cð\x9f\x91\x8cð\x9f\x91\x8cð\x9f\x98\x98ð\x9f\x98\x98ð\x9f\x98\x98ð\x9f\x98\x98ð\x9f\x98\x98'];ððððððððð;[]
139;Murahhhh Bagusss Jangan ragu beli nih kaos Pertahankan... ;4.877300613496932;['Murahhhh', 'Bagusss', 'Jangan', 'ragu', 'beli', 'nih', 'kaos', 'Pertahankan', '...'];Murahhhh Bagusss Jangan ragu beli ini kaos Pertahankan ...;['murahhhh', 'bagusss', 'ragu', 'beli', 'kaos', 'tahan']
140;mantap ,, kaosnya bagus semua ;4.0;['mantap', ',', ',', 'kaosnya', 'bagus', 'semua'];mantap , , kaosnya bagus semua;['mantap', 'kaos', 'bagus']
141;bagus sih , cuma kok size M nya gede banget;5.0;['bagus', 'sih', ',', 'cuma', 'kok', 'size', 'M', 'nya', 'gede', 'banget'];bagus sih , cuma kok size M nya besar banget;['bagus', 'sih', 'size', 'm', 'nya', 'banget']
142;ok bngt bhn.nya ademð;5.0;['ok', 'bngt', 'bhn.nya', 'ademð\x9f\x98\x8a'];ok bngt bhn.nya ademð;['ok', 'bngt', 'bhnnya', 'adem']
143;Bagus! ððððð¤ð§¡â¤ï¸;5.0;['Bagus', '!', 'ð\x9f\x92\x99ð\x9f\x92\x9að\x9f\x92\x9bð\x9f\x92\x9cð\x9f\x96¤ð\x9f§¡â\x9d¤ï¸\x8f'];Bagus ! ððððð¤ð§¡â¤ï¸;['bagus']
144;Bajunya bagus bahannya jg adem cuma kegedean dikit .;3.0;['Bajunya', 'bagus', 'bahannya', 'jg', 'adem', 'cuma', 'kegedean', 'dikit', '.'];Bajunya bagus bahannya jg adem cuma kegedean sedikit .;['baju', 'bagus', 'bahan', 'jg', 'adem', 'gede']
145;top dah pengiriman cepet 2 hari nyampe;4.0;['top', 'dah', 'pengiriman', 'cepet', '2', 'hari', 'nyampe'];top sudah pengiriman cepat 2 hari nyampe;['top', 'kirim', 'cepat', 'nyampe']
146;bhnnya adem wrna sesuai pesanan enak buat sehri2 mungkin klo ada gambarnya lbih keren lg;5.0;['bhnnya', 'adem', 'wrna', 'sesuai', 'pesanan', 'enak', 'buat', 'sehri2', 'mungkin', 'klo', 'ada', 'gambarnya', 'lbih', 'keren', 'lg'];bhnnya adem wrna sesuai pesanan enak buat sehri2 mungkin kalau ada gambarnya lebih keren lg;['bhnnya', 'adem', 'wrna', 'sesuai', 'pesan', 'enak', 'sehri', 'gambar', 'keren', 'lg']
147;kaosny bagus saya suka;4.877300613496932;['kaosny', 'bagus', 'saya', 'suka'];kaosny bagus saya suka;['kaosny', 'bagus', 'suka']
148;Bahannya enak buat santai di rmh. Buat tidur juga enak. Lembut;5.0;['Bahannya', 'enak', 'buat', 'santai', 'di', 'rmh', '.', 'Buat', 'tidur', 'juga', 'enak', '.', 'Lembut'];Bahannya enak buat santai di rumah . Buat tidur juga enak . Lembut;['bahan', 'enak', 'santai', 'rumah', 'tidur', 'lembut']
149;baju nya bagus  suka bahan nya adem ,jahitan nya rapih ,murah dan berkualitas ððð recommended;5.0;['baju', 'nya', 'bagus', 'suka', 'bahan', 'nya', 'adem', ',', 'jahitan', 'nya', 'rapih', ',', 'murah', 'dan', 'berkualitas', 'ð\x9f\x91\x8dð\x9f\x91\x8dð\x9f\x91\x8d', 'recommended'];baju nya bagus suka bahan nya adem , jahitan nya rapih , murah dan berkualitas ððð recommended;['baju', 'nya', 'bagus', 'suka', 'bahan', 'adem', 'jahit', 'rapih', 'murah', 'kualitas', 'recommended']
150;bagus tapi tipis;4.877300613496932;['bagus', 'tapi', 'tipis'];bagus tapi tipis;['bagus', 'tipis']
151;bgs realpict ð¹;5.0;['bgs', 'realpict', 'ð\x9f\x8c¹'];bgs realpict ð¹;['bgs', 'realpict']
152;barangnya joss, sesuai pesanan;5.0;['barangnya', 'joss', ',', 'sesuai', 'pesanan'];barangnya bagus , sesuai pesanan;['barang', 'bagus', 'sesuai', 'pesan']
153;sesuai pesanan, ga nyesel pokonya hehe;5.0;['sesuai', 'pesanan', ',', 'ga', 'nyesel', 'pokonya', 'hehe'];sesuai pesanan , tidak nyesel pokonya hehe;['sesuai', 'pesan', 'nyesel', 'poko', 'hehe']
154;kasonya bagus, recomended ;5.0;['kasonya', 'bagus', ',', 'recomended'];kasonya bagus , recomended;['kasonya', 'bagus', 'recomended']
155;Bahan nya adem cuma pengiriman rada lambat yaaa;4.0;['Bahan', 'nya', 'adem', 'cuma', 'pengiriman', 'rada', 'lambat', 'yaaa'];Bahan nya adem cuma pengiriman rada lambat yaaa;['bahan', 'nya', 'adem', 'kirim', 'rada', 'lambat', 'yaaa']
156;mksh seller adem ko kaos ny...;5.0;['mksh', 'seller', 'adem', 'ko', 'kaos', 'ny', '...'];mksh seller adem ko kaos ny ...;['mksh', 'seller', 'adem', 'ko', 'kaos', 'ny']
157;suka, pengiriman jg cpt . bahan nya bagus;5.0;['suka', ',', 'pengiriman', 'jg', 'cpt', '.', 'bahan', 'nya', 'bagus'];suka , pengiriman jg cpt . bahan nya bagus;['suka', 'kirim', 'jg', 'cpt', 'bahan', 'nya', 'bagus']
158;Pokoke baguss bgt...g kecewa.malah pengen beli lg yg banyak buat hadiah lebaran;5.0;['Pokoke', 'baguss', 'bgt', '...', 'g', 'kecewa.malah', 'pengen', 'beli', 'lg', 'yg', 'banyak', 'buat', 'hadiah', 'lebaran'];Pokoke baguss banget ... g kecewa.malah ingin beli lg yang banyak buat hadiah lebaran;['pokoke', 'baguss', 'banget', 'g', 'kecewamalah', 'beli', 'lg', 'hadiah', 'lebaran']
159;biarkan bintang yg bicara;5.0;['biarkan', 'bintang', 'yg', 'bicara'];biarkan bintang yang bicara;['biar', 'bintang', 'bicara']
160;cuss yang mau beli langsungggg;5.0;['cuss', 'yang', 'mau', 'beli', 'langsungggg'];cuss yang mau beli langsungggg;['cuss', 'beli', 'langsungggg']
161;Top Markotop...  ;5.0;['Top', 'Markotop', '...'];Top Markotop ...;['top', 'markotop']
162;bagus;5.0;['bagus'];bagus;['bagus']
163;"ntap
";4.877300613496932;['ntap'];ntap;['ntap']
164;mantap;5.0;['mantap'];mantap;['mantap']
165;nais;5.0;['nais'];nais;['nais']
166;bagusð;5.0;['bagusð\x9f\x98\x8d'];bagusð;['bagus']
167;josss;5.0;['josss'];josss;['josss']
168;baguss;5.0;['baguss'];baguss;['baguss']
169;sukaaaa;5.0;['sukaaaa'];sukaaaa;['sukaaaa']
170;bagus;5.0;['bagus'];bagus;['bagus']
171;bagus;5.0;['bagus'];bagus;['bagus']
172;mantap;5.0;['mantap'];mantap;['mantap']
173;mantap.. ;5.0;['mantap', '..'];mantap ..;['mantap']
174;mantap,,,;5.0;['mantap', ',', ',', ','];mantap , , ,;['mantap']
175;"goood
";4.877300613496932;['goood'];goood;['goood']
176;"good
";4.877300613496932;['good'];good;['good']
177;Bagusssss;5.0;['Bagusssss'];Bagusssss;['bagusssss']
178;realpic ð;5.0;['realpic', 'ð\x9f\x91\x8d'];realpic ð;['realpic']
179;bagussð;5.0;['bagussð\x9f\x98\x8d'];bagussð;['baguss']
180;top;5.0;['top'];top;['top']
181;ok banget;5.0;['ok', 'banget'];ok banget;['ok', 'banget']
182;realpickð;5.0;['realpickð\x9f\x91\x8d'];realpickð;['realpick']
183;ok bgt;5.0;['ok', 'bgt'];ok banget;['ok', 'banget']
184;ðð;5.0;['ð\x9f\x91\x8dð\x9f\x91\x8d'];ðð;[]
185;bagusss;5.0;['bagusss'];bagusss;['bagusss']
